,name,datetime,temp,feelslike,dew,humidity,precip,precipprob,preciptype,snow,snowdepth,windgust,windspeed,winddir,sealevelpressure,cloudcover,visibility,solarradiation,solarenergy,uvindex,severerisk,conditions,icon,stations
0,"17.4116, 78.3987",2023-04-03T00:00:00,26.0,26.0,21.0,73.96,0.0,0.0,,0,0,28.8,13.0,110.0,1011.0,50.0,5.0,0.0,,0,3,Partially cloudy,partly-cloudy-night,VOHS
1,"17.4116, 78.3987",2023-04-03T01:00:00,25.0,25.0,20.0,73.79,0.1,100.0,rain,0,0,24.8,11.2,130.0,1011.0,50.0,5.0,0.0,,0,3,"Rain, Partially cloudy",rain,VOHS
2,"17.4116, 78.3987",2023-04-03T02:00:00,24.0,24.0,20.0,78.35,0.0,0.0,,0,0,19.8,11.2,130.0,1010.0,50.0,5.0,0.0,,0,10,Partially cloudy,partly-cloudy-night,VOHS
3,"17.4116, 78.3987",2023-04-03T03:00:00,23.0,23.0,20.0,83.22,0.0,0.0,,0,0,20.5,7.6,129.2,1010.0,50.0,5.0,0.0,,0,10,Partially cloudy,partly-cloudy-night,VOHS
4,"17.4116, 78.3987",2023-04-03T04:00:00,23.0,23.0,20.0,83.22,0.0,0.0,,0,0,20.5,7.6,130.6,1010.0,50.0,5.0,0.0,,0,30,Partially cloudy,partly-cloudy-night,VOHS
5,"17.4116, 78.3987",2023-04-03T05:00:00,23.0,23.0,20.0,83.22,0.0,0.0,,0,0,21.6,7.6,133.0,1011.0,50.0,5.0,0.0,,0,30,Partially cloudy,partly-cloudy-night,VOHS
6,"17.4116, 78.3987",2023-04-03T06:00:00,23.0,23.0,20.0,83.22,0.0,0.0,,0,0,23.4,7.6,137.4,1011.0,50.0,5.0,0.0,,0,30,Partially cloudy,partly-cloudy-night,VOHS
7,"17.4116, 78.3987",2023-04-03T07:00:00,26.8,28.3,20.1,66.77,0.0,0.0,,0,0,24.5,7.6,200.0,1012.0,80.3,5.8,4.0,0.0,0,8,Partially cloudy,partly-cloudy-day,"VOHY,VOHS"
8,"17.4116, 78.3987",2023-04-03T08:00:00,29.0,30.9,20.3,59.45,0.0,0.0,,0,0,22.7,11.7,163.0,1013.0,51.7,6.0,143.0,0.5,1,10,Partially cloudy,partly-cloudy-day,"VOHY,VOHS"
9,"17.4116, 78.3987",2023-04-03T09:00:00,31.0,32.5,19.3,49.8,0.0,0.0,,0,0,19.1,11.7,180.0,1013.0,88.7,6.0,393.0,1.4,4,10,Partially cloudy,partly-cloudy-day,"VOHY,VOHS"
10,"17.4116, 78.3987",2023-04-03T10:00:00,32.9,33.2,16.6,37.54,0.0,0.0,,0,0,13.0,10.2,183.0,1013.0,25.0,6.0,631.0,2.3,6,3,Partially cloudy,partly-cloudy-day,"VOHY,VOHS"
11,"17.4116, 78.3987",2023-04-03T11:00:00,32.6,31.6,13.4,31.22,0.0,0.0,,0,0,7.6,10.8,178.4,1010.0,80.3,24.1,828.0,3.0,8,10,Partially cloudy,partly-cloudy-day,
12,"17.4116, 78.3987",2023-04-03T12:00:00,33.9,32.3,10.9,24.62,0.0,0.0,,0,0,8.6,8.3,162.9,1009.0,68.7,24.1,964.0,3.5,10,10,Partially cloudy,partly-cloudy-day,
13,"17.4116, 78.3987",2023-04-03T13:00:00,35.1,33.3,10.0,21.69,0.0,0.0,,0,0,7.9,6.1,171.1,1008.0,5.3,24.1,1029.0,3.7,10,10,Clear,clear-day,
14,"17.4116, 78.3987",2023-04-03T14:00:00,36.0,34.0,9.1,19.43,0.0,0.0,,0,0,7.9,5.0,189.4,1007.0,11.8,24.1,1016.0,3.7,10,10,Clear,clear-day,
15,"17.4116, 78.3987",2023-04-03T15:00:00,36.5,34.4,8.2,17.79,0.0,0.0,,0,0,8.3,4.0,198.0,1005.0,9.2,24.1,916.0,3.3,9,10,Clear,clear-day,
16,"17.4116, 78.3987",2023-04-03T16:00:00,36.6,34.4,7.8,17.21,0.0,0.0,,0,0,8.6,4.7,159.6,1005.0,5.5,24.1,754.0,2.7,8,10,Clear,clear-day,
17,"17.4116, 78.3987",2023-04-03T17:00:00,36.4,34.2,7.8,17.4,0.0,0.0,,0,0,11.9,8.3,133.7,1004.0,23.6,24.1,555.0,2.0,6,10,Partially cloudy,partly-cloudy-day,
18,"17.4116, 78.3987",2023-04-03T18:00:00,35.8,33.8,8.7,19.12,0.0,0.0,,0,0,15.8,13.7,125.4,1005.0,97.4,24.1,289.0,1.0,3,10,Overcast,cloudy,
19,"17.4116, 78.3987",2023-04-03T19:00:00,34.2,32.6,10.9,24.21,0.0,0.0,,0,0,17.6,17.3,131.5,1006.0,100.0,24.1,16.0,0.1,0,10,Overcast,cloudy,
20,"17.4116, 78.3987",2023-04-03T20:00:00,31.6,31.0,14.6,35.72,0.0,0.0,,0,0,30.6,27.7,134.9,1008.0,100.0,24.1,0.0,,0,3,Overcast,cloudy,
21,"17.4116, 78.3987",2023-04-03T21:00:00,29.6,30.2,17.5,48.19,0.0,0.0,,0,0,33.8,25.6,135.9,1009.0,89.3,24.1,0.0,,0,10,Partially cloudy,partly-cloudy-night,
22,"17.4116, 78.3987",2023-04-03T22:00:00,28.7,29.4,17.9,52.06,0.0,0.0,,0,0,29.2,18.7,146.9,1010.0,92.0,24.1,0.0,,0,3,Overcast,cloudy,
23,"17.4116, 78.3987",2023-04-03T23:00:00,28.6,29.4,18.1,53.03,0.0,0.0,,0,0,26.6,18.0,153.0,1010.0,11.5,24.1,0.0,,0,10,Clear,clear-night,
24,"17.4116, 78.3987",2023-04-04T00:00:00,27.5,28.5,18.6,58.35,0.0,0.0,,0,0,25.9,18.0,140.1,1009.0,11.1,24.1,0.0,,0,10,Clear,clear-night,
25,"17.4116, 78.3987",2023-04-04T01:00:00,27.0,28.0,18.6,60.08,0.0,0.0,,0,0,26.3,16.9,131.0,1009.0,35.4,24.1,0.0,,0,3,Partially cloudy,partly-cloudy-night,
26,"17.4116, 78.3987",2023-04-04T02:00:00,26.6,26.6,18.3,60.37,0.0,0.0,,0,0,25.9,14.8,140.6,1008.0,4.7,24.1,0.0,,0,3,Clear,clear-night,
27,"17.4116, 78.3987",2023-04-04T03:00:00,26.2,26.2,18.0,60.66,0.0,0.0,,0,0,22.0,12.2,151.7,1008.0,5.0,24.1,0.0,,0,3,Clear,clear-night,
28,"17.4116, 78.3987",2023-04-04T04:00:00,25.8,25.8,18.0,62.11,0.0,0.0,,0,0,19.8,11.9,154.0,1008.0,7.2,24.1,0.0,,0,3,Clear,clear-night,
29,"17.4116, 78.3987",2023-04-04T05:00:00,25.5,25.5,18.1,63.62,0.0,0.0,,0,0,19.4,11.9,173.5,1008.0,25.4,24.1,0.0,,0,3,Partially cloudy,partly-cloudy-night,
30,"17.4116, 78.3987",2023-04-04T06:00:00,25.6,25.6,18.1,63.25,0.0,0.0,,0,0,19.4,10.8,192.4,1008.0,32.1,24.1,0.0,,0,3,Partially cloudy,partly-cloudy-night,
31,"17.4116, 78.3987",2023-04-04T07:00:00,25.7,25.7,18.2,63.27,0.0,0.0,,0,0,28.1,13.0,211.3,1009.0,5.0,24.1,5.0,0.0,0,10,Clear,clear-day,
32,"17.4116, 78.3987",2023-04-04T08:00:00,27.2,28.2,18.5,59.01,0.0,0.0,,0,0,26.6,16.2,218.1,1011.0,5.0,24.1,147.0,0.5,1,10,Clear,clear-day,
33,"17.4116, 78.3987",2023-04-04T09:00:00,29.0,29.9,18.2,52.14,0.0,0.0,,0,0,18.7,14.4,207.9,1011.0,5.0,24.1,395.0,1.4,4,30,Clear,clear-day,
34,"17.4116, 78.3987",2023-04-04T10:00:00,31.1,31.3,16.8,42.31,0.0,0.0,,0,0,13.0,13.3,210.7,1011.0,5.0,24.1,634.0,2.3,6,10,Clear,clear-day,
35,"17.4116, 78.3987",2023-04-04T11:00:00,32.8,32.2,14.5,33.16,0.0,0.0,,0,0,7.9,10.1,228.2,1011.0,2.5,24.1,829.0,3.0,8,10,Clear,clear-day,
36,"17.4116, 78.3987",2023-04-04T12:00:00,34.5,33.3,12.6,26.64,0.0,0.0,,0,0,4.3,6.1,237.1,1010.0,2.5,24.1,963.0,3.5,10,10,Clear,clear-day,
37,"17.4116, 78.3987",2023-04-04T13:00:00,35.6,34.0,10.9,22.41,0.0,0.0,,0,0,6.8,5.4,191.2,1009.0,15.8,24.1,1027.0,3.7,10,10,Clear,clear-day,
38,"17.4116, 78.3987",2023-04-04T14:00:00,36.4,34.6,9.7,19.79,0.0,0.0,,0,0,11.2,7.9,176.1,1007.0,46.2,24.1,1015.0,3.7,10,10,Partially cloudy,partly-cloudy-day,
39,"17.4116, 78.3987",2023-04-04T15:00:00,36.6,34.7,9.1,18.8,0.0,0.0,,0,0,9.7,7.6,173.6,1006.0,98.7,24.1,784.0,2.8,8,10,Overcast,cloudy,
40,"17.4116, 78.3987",2023-04-04T16:00:00,36.8,34.8,8.9,18.35,0.0,0.0,,0,0,8.6,5.0,160.0,1006.0,65.2,24.1,694.0,2.5,7,10,Partially cloudy,partly-cloudy-day,
41,"17.4116, 78.3987",2023-04-04T17:00:00,36.6,34.6,8.9,18.55,0.0,0.0,,0,0,9.4,3.2,99.4,1005.0,50.1,24.1,442.0,1.6,4,10,Partially cloudy,partly-cloudy-day,
42,"17.4116, 78.3987",2023-04-04T18:00:00,36.2,34.3,9.1,19.22,0.0,0.0,,0,0,8.6,6.1,38.2,1005.0,92.6,24.1,195.0,0.7,2,10,Overcast,cloudy,
43,"17.4116, 78.3987",2023-04-04T19:00:00,35.4,33.4,8.6,19.42,0.0,0.0,,0,0,10.8,9.4,12.2,1006.0,82.8,24.1,28.0,0.1,0,10,Partially cloudy,partly-cloudy-night,
44,"17.4116, 78.3987",2023-04-04T20:00:00,33.7,32.1,10.9,24.9,0.0,0.0,,0,0,18.4,13.7,92.7,1007.0,97.2,24.1,0.0,,0,10,Overcast,cloudy,
45,"17.4116, 78.3987",2023-04-04T21:00:00,29.9,30.3,17.2,46.48,0.0,0.0,,0,0,36.4,25.9,142.5,1009.0,16.0,24.1,0.0,,0,10,Clear,clear-night,
46,"17.4116, 78.3987",2023-04-04T22:00:00,29.8,30.5,17.9,48.86,0.0,0.0,,0,0,27.7,19.8,134.6,1010.0,5.0,24.1,0.0,,0,30,Clear,clear-night,
47,"17.4116, 78.3987",2023-04-04T23:00:00,29.4,30.4,18.5,51.92,0.0,0.0,,0,0,22.7,14.8,130.9,1010.0,9.8,24.1,0.0,,0,30,Clear,clear-night,
48,"17.4116, 78.3987",2023-04-05T00:00:00,28.6,29.8,19.0,56.11,0.0,0.0,,0,0,24.5,16.9,107.2,1010.0,5.0,24.1,0.0,,0,30,Clear,clear-night,
49,"17.4116, 78.3987",2023-04-05T01:00:00,27.9,29.2,19.3,59.54,0.0,0.0,,0,0,25.2,16.9,121.5,1009.0,5.9,24.1,0.0,,0,30,Clear,clear-night,
50,"17.4116, 78.3987",2023-04-05T02:00:00,27.4,28.6,19.3,61.31,0.0,0.0,,0,0,22.0,14.4,137.4,1009.0,4.9,24.1,0.0,,0,30,Clear,clear-night,
51,"17.4116, 78.3987",2023-04-05T03:00:00,27.0,28.2,19.3,62.77,0.0,0.0,,0,0,19.8,11.5,140.5,1008.0,4.5,24.1,0.0,,0,30,Clear,clear-night,
52,"17.4116, 78.3987",2023-04-05T04:00:00,26.5,26.5,19.4,65.04,0.0,0.0,,0,0,17.3,10.4,125.9,1008.0,5.0,24.1,0.0,,0,30,Clear,clear-night,
53,"17.4116, 78.3987",2023-04-05T05:00:00,25.9,25.9,19.9,69.52,0.0,0.0,,0,0,17.6,10.8,125.8,1008.0,5.5,24.1,0.0,,0,8,Clear,clear-night,
54,"17.4116, 78.3987",2023-04-05T06:00:00,25.5,25.5,20.2,72.52,0.0,0.0,,0,0,18.4,11.5,139.2,1009.0,22.6,24.1,0.0,,0,8,Partially cloudy,partly-cloudy-night,
55,"17.4116, 78.3987",2023-04-05T07:00:00,25.6,25.6,20.3,72.54,0.0,0.0,,0,0,17.6,10.8,157.3,1009.0,4.7,24.1,5.0,0.0,0,8,Clear,clear-day,
56,"17.4116, 78.3987",2023-04-05T08:00:00,27.7,29.1,19.6,61.38,0.0,0.0,,0,0,16.6,10.8,184.7,1010.0,0.5,24.1,148.0,0.5,1,30,Clear,clear-day,
57,"17.4116, 78.3987",2023-04-05T09:00:00,30.1,30.8,17.9,48.02,0.0,0.0,,0,0,16.9,13.3,199.6,1011.0,0.3,24.1,396.0,1.4,4,30,Clear,clear-day,
58,"17.4116, 78.3987",2023-04-05T10:00:00,32.0,32.1,16.5,39.44,0.0,0.0,,0,0,10.4,11.5,193.8,1011.0,0.0,24.1,632.0,2.3,6,30,Clear,clear-day,
59,"17.4116, 78.3987",2023-04-05T11:00:00,33.9,33.4,14.8,31.78,0.0,0.0,,0,0,7.9,5.0,204.5,1010.0,0.0,24.1,828.0,3.0,8,10,Clear,clear-day,
60,"17.4116, 78.3987",2023-04-05T12:00:00,35.6,34.5,12.7,25.23,0.0,0.0,,0,0,4.3,0.7,35.2,1009.0,0.4,24.1,962.0,3.5,10,10,Clear,clear-day,
61,"17.4116, 78.3987",2023-04-05T13:00:00,36.6,35.1,11.1,21.49,0.0,0.0,,0,0,2.9,1.1,31.3,1008.0,30.7,24.1,1025.0,3.7,10,10,Partially cloudy,partly-cloudy-day,
62,"17.4116, 78.3987",2023-04-05T14:00:00,37.3,35.5,9.7,18.84,0.0,0.0,,0,0,2.5,0.7,199.8,1006.0,47.5,24.1,975.0,3.5,10,10,Partially cloudy,partly-cloudy-day,
63,"17.4116, 78.3987",2023-04-05T15:00:00,37.9,36.0,9.0,17.4,0.0,0.0,,0,0,4.7,3.2,101.0,1005.0,45.9,24.1,826.0,3.0,8,10,Partially cloudy,partly-cloudy-day,
64,"17.4116, 78.3987",2023-04-05T16:00:00,37.6,35.6,8.9,17.56,0.0,0.0,,0,0,6.5,6.8,76.5,1004.0,23.1,24.1,623.0,2.2,6,10,Partially cloudy,partly-cloudy-day,
65,"17.4116, 78.3987",2023-04-05T17:00:00,37.6,35.7,9.4,18.16,0.0,0.0,,0,0,10.8,9.4,93.2,1004.0,46.6,24.1,543.0,2.0,5,10,Partially cloudy,partly-cloudy-day,
66,"17.4116, 78.3987",2023-04-05T18:00:00,36.3,34.7,10.6,21.13,0.0,0.0,,0,0,4.7,0.7,212.7,1005.0,100.0,24.1,211.0,0.8,2,10,Overcast,cloudy,
67,"17.4116, 78.3987",2023-04-05T19:00:00,31.0,30.1,13.2,33.75,0.3,9.5,rain,0,0,19.4,21.2,349.7,1009.0,89.6,24.1,3.0,0.0,0,10,Partially cloudy,partly-cloudy-night,
68,"17.4116, 78.3987",2023-04-05T20:00:00,29.1,28.8,14.6,41.22,0.1,9.5,rain,0,0,20.2,14.0,89.9,1009.0,55.6,24.1,0.0,,0,3,Partially cloudy,partly-cloudy-night,
69,"17.4116, 78.3987",2023-04-05T21:00:00,31.8,30.9,13.5,32.88,0.0,9.5,,0,0,19.4,16.6,102.0,1009.0,55.1,24.1,0.0,,0,10,Partially cloudy,partly-cloudy-night,
70,"17.4116, 78.3987",2023-04-05T22:00:00,32.0,30.7,11.8,29.08,0.0,9.5,,0,0,27.7,22.0,120.1,1009.0,61.7,24.1,0.0,,0,10,Partially cloudy,partly-cloudy-night,
71,"17.4116, 78.3987",2023-04-05T23:00:00,30.3,29.7,14.4,37.97,0.0,9.5,,0,0,28.8,20.5,145.8,1009.0,25.1,24.1,0.0,,0,3,Partially cloudy,partly-cloudy-night,
72,"17.4116, 78.3987",2023-04-06T00:00:00,28.9,29.0,15.9,45.33,0.0,9.5,,0,0,36.0,20.2,124.0,1009.0,22.6,24.1,0.0,,0,3,Partially cloudy,partly-cloudy-night,
73,"17.4116, 78.3987",2023-04-06T01:00:00,27.9,28.4,16.9,51.21,0.0,0.0,,0,0,34.9,19.1,118.0,1009.0,32.1,24.1,0.0,,0,3,Partially cloudy,partly-cloudy-night,
74,"17.4116, 78.3987",2023-04-06T02:00:00,27.4,28.1,17.4,54.42,0.0,0.0,,0,0,31.3,15.8,133.9,1009.0,71.2,24.1,0.0,,0,3,Partially cloudy,partly-cloudy-night,
75,"17.4116, 78.3987",2023-04-06T03:00:00,27.6,28.3,17.4,53.79,0.0,0.0,,0,0,28.8,15.5,153.6,1008.0,29.0,24.1,0.0,,0,3,Partially cloudy,partly-cloudy-night,
76,"17.4116, 78.3987",2023-04-06T04:00:00,27.4,28.0,17.0,53.06,0.0,0.0,,0,0,20.2,10.8,172.2,1007.0,5.9,24.1,0.0,,0,3,Clear,clear-night,
77,"17.4116, 78.3987",2023-04-06T05:00:00,27.2,27.8,16.8,53.01,0.0,0.0,,0,0,17.6,9.7,193.3,1008.0,5.0,24.1,0.0,,0,3,Clear,clear-night,
78,"17.4116, 78.3987",2023-04-06T06:00:00,27.3,27.8,16.5,51.71,0.0,0.0,,0,0,12.6,7.9,216.5,1008.0,8.6,24.1,0.0,,0,3,Clear,clear-night,
79,"17.4116, 78.3987",2023-04-06T07:00:00,27.3,27.8,16.4,51.38,0.0,4.8,,0,0,13.0,9.7,278.0,1009.0,34.9,24.1,5.0,0.0,0,3,Partially cloudy,partly-cloudy-day,
80,"17.4116, 78.3987",2023-04-06T08:00:00,28.1,28.6,17.1,51.26,0.0,4.8,,0,0,18.7,15.1,311.7,1010.0,60.8,24.1,150.0,0.5,2,10,Partially cloudy,partly-cloudy-day,
81,"17.4116, 78.3987",2023-04-06T09:00:00,30.2,30.4,16.7,44.26,0.0,4.8,,0,0,13.7,10.8,315.7,1011.0,67.9,24.1,334.0,1.2,3,30,Partially cloudy,partly-cloudy-day,
82,"17.4116, 78.3987",2023-04-06T10:00:00,32.3,31.8,14.9,35.0,0.0,4.8,,0,0,9.7,7.2,314.5,1011.0,5.6,24.1,521.0,1.9,5,10,Clear,clear-day,
83,"17.4116, 78.3987",2023-04-06T11:00:00,34.6,33.6,13.3,27.73,0.0,4.8,,0,0,7.9,2.9,337.5,1011.0,5.0,24.1,825.0,3.0,8,10,Clear,clear-day,
84,"17.4116, 78.3987",2023-04-06T12:00:00,35.8,34.6,12.2,24.15,0.0,4.8,,0,0,9.4,5.0,119.1,1010.0,8.5,24.1,959.0,3.5,10,10,Clear,clear-day,
85,"17.4116, 78.3987",2023-04-06T13:00:00,36.7,35.2,11.2,21.51,0.0,0.0,,0,0,10.1,9.4,144.1,1008.0,51.2,24.1,1004.0,3.6,10,10,Partially cloudy,partly-cloudy-day,
86,"17.4116, 78.3987",2023-04-06T14:00:00,36.7,35.1,10.6,20.67,0.0,0.0,,0,0,10.1,8.3,147.1,1007.0,95.9,24.1,654.0,2.4,7,10,Overcast,cloudy,
87,"17.4116, 78.3987",2023-04-06T15:00:00,36.0,34.4,10.7,21.63,0.1,0.0,rain,0,0,7.6,9.7,93.6,1006.0,99.9,24.1,219.0,0.8,2,10,Overcast,cloudy,
88,"17.4116, 78.3987",2023-04-06T16:00:00,33.8,32.4,11.9,26.46,0.1,0.0,rain,0,0,17.3,19.4,96.1,1007.0,100.0,24.1,54.0,0.2,1,10,Overcast,cloudy,
89,"17.4116, 78.3987",2023-04-06T17:00:00,32.5,31.2,12.2,29.03,0.0,0.0,,0,0,19.8,14.4,132.8,1006.0,100.0,24.1,54.0,0.2,1,10,Overcast,cloudy,
90,"17.4116, 78.3987",2023-04-06T18:00:00,32.9,31.5,11.7,27.46,0.1,0.0,rain,0,0,22.7,14.4,168.3,1007.0,100.0,24.1,18.0,0.1,0,10,Overcast,cloudy,
91,"17.4116, 78.3987",2023-04-06T19:00:00,32.4,31.2,12.6,29.97,0.0,19.0,,0,0,30.2,22.0,174.1,1007.0,98.3,24.1,9.0,0.0,0,10,Overcast,cloudy,
92,"17.4116, 78.3987",2023-04-06T20:00:00,30.4,30.1,15.2,39.76,0.0,19.0,,0,0,31.3,20.9,134.3,1009.0,99.9,24.1,0.0,,0,10,Overcast,cloudy,
93,"17.4116, 78.3987",2023-04-06T21:00:00,29.2,29.0,15.2,42.6,0.0,19.0,,0,0,27.0,15.5,126.0,1010.0,80.2,24.1,0.0,,0,3,Partially cloudy,partly-cloudy-night,
94,"17.4116, 78.3987",2023-04-06T22:00:00,28.6,28.3,14.2,41.35,0.0,19.0,,0,0,24.8,14.0,110.4,1011.0,72.5,24.1,0.0,,0,3,Partially cloudy,partly-cloudy-night,
95,"17.4116, 78.3987",2023-04-06T23:00:00,27.9,27.6,13.6,41.43,0.0,19.0,,0,0,12.6,7.2,92.1,1011.0,96.6,24.1,0.0,,0,3,Overcast,cloudy,
96,"17.4116, 78.3987",2023-04-07T00:00:00,28.9,28.3,13.3,38.33,0.0,19.0,,0,0,14.4,7.2,156.1,1010.0,20.4,24.1,0.0,,0,3,Partially cloudy,partly-cloudy-night,
97,"17.4116, 78.3987",2023-04-07T01:00:00,28.5,28.2,14.3,41.86,0.0,19.0,,0,0,19.8,11.5,191.8,1010.0,13.8,24.1,0.0,,0,3,Clear,clear-night,
98,"17.4116, 78.3987",2023-04-07T02:00:00,28.1,28.1,15.3,45.7,0.0,19.0,,0,0,16.6,10.4,180.0,1009.0,5.3,24.1,0.0,,0,3,Clear,clear-night,
99,"17.4116, 78.3987",2023-04-07T03:00:00,27.5,27.8,15.7,48.56,0.0,19.0,,0,0,10.1,6.5,153.4,1009.0,44.9,24.1,0.0,,0,3,Partially cloudy,partly-cloudy-night,
100,"17.4116, 78.3987",2023-04-07T04:00:00,27.9,28.1,15.8,47.74,0.0,19.0,,0,0,10.8,7.2,179.3,1009.0,50.3,24.1,0.0,,0,3,Partially cloudy,partly-cloudy-night,
101,"17.4116, 78.3987",2023-04-07T05:00:00,27.8,28.1,16.1,48.95,0.0,19.0,,0,0,13.7,8.6,180.7,1009.0,71.9,24.1,0.0,,0,3,Partially cloudy,partly-cloudy-night,
102,"17.4116, 78.3987",2023-04-07T06:00:00,27.5,27.9,16.3,50.46,0.0,19.0,,0,0,10.4,6.8,156.5,1010.0,54.0,24.1,0.0,,0,3,Partially cloudy,partly-cloudy-night,
103,"17.4116, 78.3987",2023-04-07T07:00:00,27.3,27.8,16.5,51.71,0.0,0.0,,0,0,7.9,5.8,151.7,1011.0,56.6,24.1,5.0,0.0,0,10,Partially cloudy,partly-cloudy-day,
104,"17.4116, 78.3987",2023-04-07T08:00:00,28.5,28.9,16.7,48.82,0.0,0.0,,0,0,10.4,8.3,150.5,1012.0,58.7,24.1,94.0,0.3,1,10,Partially cloudy,partly-cloudy-day,
105,"17.4116, 78.3987",2023-04-07T09:00:00,29.6,29.8,16.7,45.81,0.0,0.0,,0,0,9.0,8.6,146.8,1012.0,26.7,24.1,275.0,1.0,3,30,Partially cloudy,partly-cloudy-day,
106,"17.4116, 78.3987",2023-04-07T10:00:00,31.3,31.5,16.7,41.56,0.0,0.0,,0,0,6.1,7.2,143.7,1013.0,11.3,24.1,593.0,2.1,6,30,Clear,clear-day,
107,"17.4116, 78.3987",2023-04-07T11:00:00,32.9,33.0,16.4,37.25,0.0,0.0,,0,0,5.4,7.9,148.5,1012.0,5.0,24.1,803.0,2.9,8,30,Clear,clear-day,
108,"17.4116, 78.3987",2023-04-07T12:00:00,34.6,34.6,15.8,32.59,0.0,0.0,,0,0,8.3,9.0,149.2,1012.0,5.7,24.1,952.0,3.4,10,30,Clear,clear-day,
109,"17.4116, 78.3987",2023-04-07T13:00:00,35.9,35.7,15.0,28.81,0.0,4.8,,0,0,11.9,10.1,139.3,1010.0,30.8,24.1,1013.0,3.6,10,30,Partially cloudy,partly-cloudy-day,
110,"17.4116, 78.3987",2023-04-07T14:00:00,36.4,35.7,13.8,25.94,0.0,4.8,,0,0,12.2,14.4,115.6,1009.0,81.3,24.1,871.0,3.1,9,30,Partially cloudy,partly-cloudy-day,
111,"17.4116, 78.3987",2023-04-07T15:00:00,35.8,34.7,12.8,25.12,0.0,4.8,,0,0,12.2,13.3,112.2,1008.0,64.4,24.1,463.0,1.7,5,10,Partially cloudy,partly-cloudy-day,
112,"17.4116, 78.3987",2023-04-07T16:00:00,33.0,32.3,14.4,32.58,0.0,4.8,,0,0,17.3,18.0,328.4,1008.0,100.0,24.1,475.0,1.7,5,10,Overcast,cloudy,
113,"17.4116, 78.3987",2023-04-07T17:00:00,30.1,30.1,16.2,43.12,0.2,4.8,rain,0,0,19.8,17.6,304.7,1010.0,100.0,24.1,21.0,0.1,0,10,Overcast,cloudy,
114,"17.4116, 78.3987",2023-04-07T18:00:00,27.7,28.3,17.3,53.14,0.6,4.8,rain,0,0,28.4,27.7,295.8,1009.0,99.0,17.3,9.0,0.0,0,3,Overcast,cloudy,
115,"17.4116, 78.3987",2023-04-07T19:00:00,26.5,26.5,16.7,54.89,1.0,9.5,rain,0,0,25.2,21.6,325.2,1010.0,58.8,24.1,4.0,0.0,0,3,Partially cloudy,partly-cloudy-night,
116,"17.4116, 78.3987",2023-04-07T20:00:00,30.1,29.7,14.7,39.16,0.0,9.5,,0,0,9.7,7.9,344.0,1010.0,37.1,24.1,0.0,,0,10,Partially cloudy,partly-cloudy-night,
117,"17.4116, 78.3987",2023-04-07T21:00:00,29.7,29.2,14.4,39.31,0.1,9.5,rain,0,0,8.6,6.1,279.6,1011.0,89.8,21.8,0.0,,0,10,Partially cloudy,partly-cloudy-night,
118,"17.4116, 78.3987",2023-04-07T22:00:00,29.4,29.2,15.2,42.11,0.1,9.5,rain,0,0,9.7,5.8,207.0,1012.0,98.7,24.1,0.0,,0,10,Overcast,cloudy,
119,"17.4116, 78.3987",2023-04-07T23:00:00,27.5,27.8,16.1,49.82,0.9,9.5,rain,0,0,5.4,4.3,304.0,1013.0,83.4,19.4,0.0,,0,3,Partially cloudy,partly-cloudy-night,
120,"17.4116, 78.3987",2023-04-08T00:00:00,26.9,27.3,15.7,50.3,0.5,9.5,rain,0,0,9.7,7.2,335.6,1013.0,76.4,24.1,0.0,,0,3,Partially cloudy,partly-cloudy-night,
121,"17.4116, 78.3987",2023-04-08T01:00:00,26.7,26.7,16.0,51.99,0.0,0.0,,0,0,12.2,8.0,253.0,1012.7,84.3,24.1,0.0,,0,3,Partially cloudy,partly-cloudy-night,
122,"17.4116, 78.3987",2023-04-08T02:00:00,26.4,26.4,16.3,53.74,0.0,0.0,,0,0,14.8,8.9,170.5,1012.3,92.1,24.1,0.0,,0,3,Overcast,cloudy,
123,"17.4116, 78.3987",2023-04-08T03:00:00,26.3,26.3,16.7,55.54,0.1,0.0,rain,0,0,17.3,9.7,87.9,1012.0,100.0,24.1,0.0,,0,3,Overcast,cloudy,
124,"17.4116, 78.3987",2023-04-08T04:00:00,26.1,26.1,16.3,54.8,0.0,0.0,,0,0,17.0,10.0,93.4,1012.3,99.6,24.1,0.0,,0,3,Overcast,cloudy,
125,"17.4116, 78.3987",2023-04-08T05:00:00,25.9,25.9,15.9,54.06,0.0,0.0,,0,0,16.8,10.2,99.0,1012.7,99.3,24.1,0.0,,0,5,Overcast,cloudy,
126,"17.4116, 78.3987",2023-04-08T06:00:00,25.8,25.8,15.6,53.33,0.0,0.0,,0,0,16.6,10.4,104.5,1013.0,98.9,24.1,0.0,,0,5,Overcast,cloudy,
127,"17.4116, 78.3987",2023-04-08T07:00:00,26.8,27.0,14.4,46.64,0.0,0.0,,0,0,16.6,11.3,123.5,1013.3,88.9,24.1,53.3,0.2,1,3,Partially cloudy,partly-cloudy-day,
128,"17.4116, 78.3987",2023-04-08T08:00:00,27.8,27.5,13.2,40.77,0.0,0.0,,0,0,16.6,12.1,142.5,1013.7,79.0,24.1,106.7,0.4,1,10,Partially cloudy,partly-cloudy-day,
129,"17.4116, 78.3987",2023-04-08T09:00:00,28.8,28.0,12.1,35.64,0.0,0.0,,0,0,16.6,13.0,161.5,1014.0,69.0,24.1,160.0,0.6,2,10,Partially cloudy,partly-cloudy-day,
130,"17.4116, 78.3987",2023-04-08T10:00:00,30.7,29.6,12.1,31.94,0.0,0.0,,0,0,15.4,13.4,159.5,1013.7,47.6,24.1,371.0,1.4,4,10,Partially cloudy,partly-cloudy-day,
131,"17.4116, 78.3987",2023-04-08T11:00:00,32.6,31.3,12.1,28.68,0.0,0.0,,0,0,14.2,13.9,157.4,1013.3,26.2,24.1,582.0,2.1,6,10,Partially cloudy,partly-cloudy-day,
132,"17.4116, 78.3987",2023-04-08T12:00:00,34.5,33.2,12.1,25.78,0.0,0.0,,0,0,13.0,14.4,155.4,1013.0,4.8,24.1,793.0,2.9,8,10,Clear,clear-day,
133,"17.4116, 78.3987",2023-04-08T13:00:00,35.2,33.8,11.8,24.42,0.0,0.0,,0,0,13.7,15.1,142.6,1011.7,28.8,24.1,854.7,3.1,9,10,Partially cloudy,partly-cloudy-day,
134,"17.4116, 78.3987",2023-04-08T14:00:00,35.9,34.5,11.6,23.14,0.0,0.0,,0,0,14.4,15.8,129.7,1010.3,52.7,24.1,916.3,3.3,9,10,Partially cloudy,partly-cloudy-day,
135,"17.4116, 78.3987",2023-04-08T15:00:00,36.6,35.2,11.4,21.92,0.0,0.0,,0,0,15.1,16.6,116.9,1009.0,76.7,24.1,978.0,3.5,10,10,Partially cloudy,partly-cloudy-day,
136,"17.4116, 78.3987",2023-04-08T16:00:00,36.1,34.7,11.3,22.35,0.0,0.0,,0,0,15.7,18.5,119.3,1009.0,51.3,24.1,802.3,2.9,8,10,Partially cloudy,partly-cloudy-day,
137,"17.4116, 78.3987",2023-04-08T17:00:00,35.7,34.2,11.2,22.79,0.0,0.0,,0,0,16.3,20.4,121.6,1009.0,25.8,24.1,626.7,2.2,6,10,Partially cloudy,partly-cloudy-day,
138,"17.4116, 78.3987",2023-04-08T18:00:00,35.3,33.8,11.2,23.24,0.0,0.0,,0,0,16.9,22.3,124.0,1009.0,0.4,24.1,451.0,1.6,5,10,Clear,clear-day,
139,"17.4116, 78.3987",2023-04-08T19:00:00,34.2,32.7,11.2,24.66,0.0,0.0,,0,0,21.6,20.5,126.4,1009.7,0.3,24.1,308.3,1.1,0,10,Clear,clear-night,
140,"17.4116, 78.3987",2023-04-08T20:00:00,33.1,31.6,11.2,26.17,0.0,0.0,,0,0,26.3,18.7,128.7,1010.3,0.1,24.1,165.7,0.6,0,10,Clear,clear-night,
141,"17.4116, 78.3987",2023-04-08T21:00:00,32.1,30.6,11.2,27.79,0.0,0.0,,0,0,31.0,16.9,131.1,1011.0,0.0,24.1,23.0,0.1,0,10,Clear,clear-night,
142,"17.4116, 78.3987",2023-04-08T22:00:00,31.0,29.7,10.9,29.02,0.0,0.0,,0,0,28.2,15.4,135.9,1011.7,1.7,24.1,15.3,0.1,0,10,Clear,clear-night,
143,"17.4116, 78.3987",2023-04-08T23:00:00,30.0,28.8,10.7,30.32,0.0,0.0,,0,0,25.4,13.8,140.6,1012.3,3.3,24.1,7.7,0.0,0,10,Clear,clear-night,
144,"17.4116, 78.3987",2023-04-09T00:00:00,29.0,27.9,10.5,31.68,0.0,0.0,,0,0,22.7,12.2,145.4,1013.0,5.0,24.1,0.0,,0,10,Clear,clear-night,
145,"17.4116, 78.3987",2023-04-09T01:00:00,28.2,27.4,10.7,33.64,0.0,0.0,,0,0,19.6,11.6,108.1,1012.7,5.0,24.1,0.0,,0,10,Clear,clear-night,
146,"17.4116, 78.3987",2023-04-09T02:00:00,27.4,27.0,10.9,35.73,0.0,0.0,,0,0,16.4,11.0,70.7,1012.3,5.0,24.1,0.0,,0,10,Clear,clear-night,
147,"17.4116, 78.3987",2023-04-09T03:00:00,26.7,26.7,11.2,37.96,0.0,0.0,,0,0,13.3,10.4,33.4,1012.0,5.0,24.1,0.0,,0,10,Clear,clear-night,
148,"17.4116, 78.3987",2023-04-09T04:00:00,26.1,26.1,11.6,40.57,0.0,0.0,,0,0,15.4,11.0,49.7,1012.7,8.4,24.1,0.0,,0,10,Clear,clear-night,
149,"17.4116, 78.3987",2023-04-09T05:00:00,25.5,25.5,12.1,43.35,0.0,0.0,,0,0,17.4,11.6,65.9,1013.3,11.7,24.1,0.0,,0,10,Clear,clear-night,
150,"17.4116, 78.3987",2023-04-09T06:00:00,24.9,24.9,12.6,46.32,0.0,0.0,,0,0,19.4,12.2,82.2,1014.0,15.1,24.1,0.0,,0,10,Clear,clear-night,
151,"17.4116, 78.3987",2023-04-09T07:00:00,25.9,25.9,12.2,42.7,0.0,0.0,,0,0,18.4,12.5,90.6,1014.7,10.1,24.1,65.0,0.2,1,10,Clear,clear-day,
152,"17.4116, 78.3987",2023-04-09T08:00:00,26.9,26.7,11.9,39.38,0.0,0.0,,0,0,17.3,12.7,99.1,1015.3,5.0,24.1,130.0,0.5,1,10,Clear,clear-day,
153,"17.4116, 78.3987",2023-04-09T09:00:00,27.9,27.3,11.6,36.33,0.0,0.0,,0,0,16.2,13.0,107.5,1016.0,0.0,24.1,195.0,0.7,2,10,Clear,clear-day,
154,"17.4116, 78.3987",2023-04-09T10:00:00,29.8,28.7,11.4,32.33,0.0,0.0,,0,0,15.6,13.3,112.0,1015.0,0.0,24.1,405.7,1.5,4,10,Clear,clear-day,
155,"17.4116, 78.3987",2023-04-09T11:00:00,31.7,30.3,11.4,28.81,0.0,0.0,,0,0,15.0,13.7,116.5,1014.0,0.0,24.1,616.3,2.2,6,10,Clear,clear-day,
156,"17.4116, 78.3987",2023-04-09T12:00:00,33.6,32.1,11.3,25.71,0.0,0.0,,0,0,14.4,14.0,121.0,1013.0,0.0,24.1,827.0,3.0,8,10,Clear,clear-day,
157,"17.4116, 78.3987",2023-04-09T13:00:00,34.4,32.8,10.5,23.24,0.0,0.0,,0,0,13.7,14.2,118.9,1012.0,0.0,24.1,884.3,3.2,9,10,Clear,clear-day,
158,"17.4116, 78.3987",2023-04-09T14:00:00,35.4,33.6,9.7,21.0,0.0,0.0,,0,0,13.0,14.3,116.8,1011.0,0.0,24.1,941.7,3.4,9,10,Clear,clear-day,
159,"17.4116, 78.3987",2023-04-09T15:00:00,36.3,34.3,9.0,18.98,0.0,0.0,,0,0,12.2,14.4,114.7,1010.0,0.0,24.1,999.0,3.6,10,10,Clear,clear-day,
160,"17.4116, 78.3987",2023-04-09T16:00:00,36.0,34.1,8.9,19.22,0.0,0.0,,0,0,12.1,15.1,115.4,1009.7,0.0,24.1,848.7,3.1,8,10,Clear,clear-day,
161,"17.4116, 78.3987",2023-04-09T17:00:00,35.7,33.8,8.9,19.46,0.0,0.0,,0,0,12.0,15.8,116.0,1009.3,0.0,24.1,698.3,2.5,7,10,Clear,clear-day,
162,"17.4116, 78.3987",2023-04-09T18:00:00,35.5,33.5,8.9,19.7,0.0,0.0,,0,0,11.9,16.6,116.7,1009.0,0.0,24.1,548.0,2.0,5,10,Clear,clear-day,
163,"17.4116, 78.3987",2023-04-09T19:00:00,34.4,32.5,9.4,21.76,0.0,0.0,,0,0,17.2,16.7,124.3,1009.7,0.0,24.1,373.3,1.4,0,10,Clear,clear-night,
164,"17.4116, 78.3987",2023-04-09T20:00:00,33.3,31.6,10.0,24.04,0.0,0.0,,0,0,22.4,16.8,132.0,1010.3,0.0,24.1,198.7,0.7,0,10,Clear,clear-night,
165,"17.4116, 78.3987",2023-04-09T21:00:00,32.2,30.6,10.6,26.56,0.0,0.0,,0,0,27.7,16.9,139.6,1011.0,0.0,24.1,24.0,0.1,0,10,Clear,clear-night,
166,"17.4116, 78.3987",2023-04-09T22:00:00,31.6,30.0,10.1,26.63,0.0,0.0,,0,0,28.0,15.6,143.2,1011.0,0.0,24.1,16.0,0.1,0,10,Clear,clear-night,
167,"17.4116, 78.3987",2023-04-09T23:00:00,31.0,29.4,9.6,26.71,0.0,0.0,,0,0,28.2,14.3,146.7,1011.0,0.0,24.1,8.0,0.0,0,10,Clear,clear-night,
168,"17.4116, 78.3987",2023-04-10T00:00:00,30.4,28.9,9.2,26.79,0.0,0.0,,0,0,28.4,13.0,150.3,1011.0,0.0,24.1,0.0,,0,10,Clear,clear-night,
169,"17.4116, 78.3987",2023-04-10T01:00:00,29.7,28.4,9.6,28.72,0.0,0.0,,0,0,24.7,11.8,152.9,1010.7,0.0,24.1,0.0,,0,10,Clear,clear-night,
170,"17.4116, 78.3987",2023-04-10T02:00:00,29.0,27.9,10.1,30.8,0.0,0.0,,0,0,21.0,10.6,155.6,1010.3,0.0,24.1,0.0,,0,10,Clear,clear-night,
171,"17.4116, 78.3987",2023-04-10T03:00:00,28.4,27.5,10.6,33.03,0.0,0.0,,0,0,17.3,9.4,158.2,1010.0,0.0,24.1,0.0,,0,10,Clear,clear-night,
172,"17.4116, 78.3987",2023-04-10T04:00:00,27.9,27.2,10.6,34.15,0.0,0.0,,0,0,14.8,8.2,155.2,1010.3,1.7,24.1,0.0,,0,10,Clear,clear-night,
173,"17.4116, 78.3987",2023-04-10T05:00:00,27.4,26.9,10.7,35.32,0.0,0.0,,0,0,12.2,7.0,152.1,1010.7,3.3,24.1,0.0,,0,10,Clear,clear-night,
174,"17.4116, 78.3987",2023-04-10T06:00:00,26.9,26.6,10.8,36.54,0.0,0.0,,0,0,9.7,5.8,149.1,1011.0,4.8,24.1,0.0,,0,10,Clear,clear-night,
175,"17.4116, 78.3987",2023-04-10T07:00:00,28.0,27.3,10.7,33.97,0.0,0.0,,0,0,10.9,6.8,153.9,1011.7,13.0,24.1,65.7,0.2,1,10,Clear,clear-day,
176,"17.4116, 78.3987",2023-04-10T08:00:00,29.2,28.1,10.6,31.61,0.0,0.0,,0,0,12.1,7.9,158.7,1012.3,21.2,24.1,131.3,0.5,1,10,Partially cloudy,partly-cloudy-day,
177,"17.4116, 78.3987",2023-04-10T09:00:00,30.4,29.0,10.6,29.42,0.0,0.0,,0,0,13.3,9.0,163.5,1013.0,29.4,24.1,197.0,0.7,2,10,Partially cloudy,partly-cloudy-day,
178,"17.4116, 78.3987",2023-04-10T10:00:00,32.1,30.4,9.4,24.77,0.0,0.0,,0,0,12.7,9.5,148.8,1012.7,52.9,24.1,406.0,1.5,4,10,Partially cloudy,partly-cloudy-day,
179,"17.4116, 78.3987",2023-04-10T11:00:00,33.8,31.8,8.4,20.86,0.0,0.0,,0,0,12.1,10.0,134.0,1012.3,76.5,24.1,615.0,2.2,6,10,Partially cloudy,partly-cloudy-day,
180,"17.4116, 78.3987",2023-04-10T12:00:00,35.6,33.4,7.3,17.58,0.0,0.0,,0,0,11.5,10.4,119.3,1012.0,100.0,24.1,824.0,3.0,8,10,Overcast,cloudy,
181,"17.4116, 78.3987",2023-04-10T13:00:00,36.2,34.0,7.2,16.97,0.0,0.0,,0,0,11.2,12.2,116.2,1011.0,100.0,24.1,865.7,3.1,9,10,Overcast,cloudy,
182,"17.4116, 78.3987",2023-04-10T14:00:00,36.8,34.5,7.2,16.38,0.0,0.0,,0,0,10.8,14.0,113.2,1010.0,100.0,24.1,907.3,3.3,9,10,Overcast,cloudy,
183,"17.4116, 78.3987",2023-04-10T15:00:00,37.4,35.1,7.2,15.82,0.0,0.0,,0,0,10.4,15.8,110.1,1009.0,100.0,24.1,949.0,3.4,9,10,Overcast,cloudy,
184,"17.4116, 78.3987",2023-04-10T16:00:00,37.0,34.7,7.2,16.24,0.0,0.0,,0,0,10.1,16.6,111.0,1008.7,68.3,24.1,806.0,2.9,8,10,Partially cloudy,partly-cloudy-day,
185,"17.4116, 78.3987",2023-04-10T17:00:00,36.6,34.4,7.3,16.68,0.0,0.0,,0,0,9.7,17.3,111.8,1008.3,36.7,24.1,663.0,2.4,7,10,Partially cloudy,partly-cloudy-day,
186,"17.4116, 78.3987",2023-04-10T18:00:00,36.2,34.0,7.4,17.12,0.0,0.0,,0,0,9.4,18.0,112.7,1008.0,5.0,24.1,520.0,1.9,5,10,Clear,clear-day,
187,"17.4116, 78.3987",2023-04-10T19:00:00,35.0,32.9,7.8,18.85,0.0,0.0,,0,0,15.6,16.6,119.2,1008.7,36.3,24.1,354.7,1.3,0,10,Partially cloudy,partly-cloudy-night,
188,"17.4116, 78.3987",2023-04-10T20:00:00,33.8,31.8,8.3,20.76,0.0,0.0,,0,0,21.8,15.1,125.6,1009.3,67.6,24.1,189.3,0.7,0,10,Partially cloudy,partly-cloudy-night,
189,"17.4116, 78.3987",2023-04-10T21:00:00,32.7,30.8,8.8,22.88,0.0,0.0,,0,0,28.1,13.7,132.1,1010.0,98.9,24.1,24.0,0.1,0,10,Overcast,cloudy,
190,"17.4116, 78.3987",2023-04-10T22:00:00,31.6,30.1,10.4,27.06,0.0,0.0,,0,0,28.3,14.0,135.7,1010.7,99.3,24.1,16.0,0.1,0,10,Overcast,cloudy,
191,"17.4116, 78.3987",2023-04-10T23:00:00,30.5,29.4,11.9,31.98,0.0,0.0,,0,0,28.6,14.4,139.2,1011.3,99.6,24.1,8.0,0.0,0,3,Overcast,cloudy,
192,"17.4116, 78.3987",2023-04-11T00:00:00,29.5,28.9,13.6,37.75,0.0,0.0,,0,0,28.8,14.8,142.8,1012.0,100.0,24.1,0.0,,0,3,Overcast,cloudy,
193,"17.4116, 78.3987",2023-04-11T01:00:00,29.0,28.5,13.5,38.62,0.0,0.0,,0,0,25.2,13.1,147.2,1011.3,89.4,24.1,0.0,,0,3,Partially cloudy,partly-cloudy-night,
194,"17.4116, 78.3987",2023-04-11T02:00:00,28.5,28.1,13.4,39.5,0.0,0.0,,0,0,21.6,11.4,151.5,1010.7,78.8,24.1,0.0,,0,3,Partially cloudy,partly-cloudy-night,
195,"17.4116, 78.3987",2023-04-11T03:00:00,28.1,27.7,13.4,40.42,0.0,0.0,,0,0,18.0,9.7,155.9,1010.0,68.2,24.1,0.0,,0,3,Partially cloudy,partly-cloudy-night,
196,"17.4116, 78.3987",2023-04-11T04:00:00,27.8,27.5,13.0,40.24,0.0,0.0,,0,0,17.4,9.7,157.5,1010.3,78.3,24.1,0.0,,0,3,Partially cloudy,partly-cloudy-night,
197,"17.4116, 78.3987",2023-04-11T05:00:00,27.5,27.2,12.7,40.07,0.0,0.0,,0,0,16.8,9.7,159.2,1010.7,88.5,24.1,0.0,,0,10,Partially cloudy,partly-cloudy-night,
198,"17.4116, 78.3987",2023-04-11T06:00:00,27.2,27.0,12.4,39.9,0.0,0.0,,0,0,16.2,9.7,160.8,1011.0,98.6,24.1,0.0,,0,10,Overcast,cloudy,
199,"17.4116, 78.3987",2023-04-11T07:00:00,28.5,27.8,12.2,36.5,0.0,0.0,,0,0,15.5,10.1,172.9,1011.7,80.8,24.1,64.0,0.2,1,10,Partially cloudy,partly-cloudy-day,
200,"17.4116, 78.3987",2023-04-11T08:00:00,29.8,28.8,11.9,33.42,0.0,0.0,,0,0,14.8,10.4,185.0,1012.3,62.9,24.1,128.0,0.5,1,10,Partially cloudy,partly-cloudy-day,
201,"17.4116, 78.3987",2023-04-11T09:00:00,31.1,29.8,11.8,30.61,0.0,0.0,,0,0,14.0,10.8,197.1,1013.0,45.1,24.1,192.0,0.7,2,3,Partially cloudy,partly-cloudy-day,
202,"17.4116, 78.3987",2023-04-11T10:00:00,32.6,31.2,11.6,27.82,0.0,0.0,,0,0,12.1,10.9,198.4,1012.7,31.9,24.1,398.3,1.4,4,10,Partially cloudy,partly-cloudy-day,
203,"17.4116, 78.3987",2023-04-11T11:00:00,34.1,32.7,11.5,25.3,0.0,0.0,,0,0,10.2,11.0,199.7,1012.3,18.6,24.1,604.7,2.2,6,10,Clear,clear-day,
204,"17.4116, 78.3987",2023-04-11T12:00:00,35.7,34.2,11.4,23.03,0.0,0.0,,0,0,8.3,11.2,201.0,1012.0,5.4,24.1,811.0,2.9,8,10,Clear,clear-day,
205,"17.4116, 78.3987",2023-04-11T13:00:00,36.5,35.0,10.8,21.19,0.0,0.0,,0,0,8.6,8.9,204.6,1010.7,9.0,24.1,866.3,3.1,9,10,Clear,clear-day,
206,"17.4116, 78.3987",2023-04-11T14:00:00,37.3,35.7,10.2,19.5,0.0,0.0,,0,0,9.0,6.6,208.3,1009.3,12.6,24.1,921.7,3.3,9,10,Clear,clear-day,
207,"17.4116, 78.3987",2023-04-11T15:00:00,38.2,36.4,9.7,17.94,0.0,0.0,,0,0,9.4,4.3,211.9,1008.0,16.2,24.1,977.0,3.5,10,10,Clear,clear-day,
208,"17.4116, 78.3987",2023-04-11T16:00:00,37.9,36.1,9.5,18.04,0.0,0.0,,0,0,8.8,6.5,165.5,1007.7,41.9,24.1,812.7,2.9,8,10,Partially cloudy,partly-cloudy-day,
209,"17.4116, 78.3987",2023-04-11T17:00:00,37.6,35.8,9.4,18.14,0.0,0.0,,0,0,8.2,8.6,119.1,1007.3,67.6,24.1,648.3,2.3,6,10,Partially cloudy,partly-cloudy-day,
210,"17.4116, 78.3987",2023-04-11T18:00:00,37.4,35.5,9.3,18.24,0.0,0.0,,0,0,7.6,10.8,72.7,1007.0,93.3,24.1,484.0,1.7,5,10,Overcast,cloudy,
211,"17.4116, 78.3987",2023-04-11T19:00:00,36.3,34.5,9.3,19.34,0.0,0.0,,0,0,13.8,12.4,94.8,1008.0,62.9,24.1,324.7,1.1,0,10,Partially cloudy,partly-cloudy-night,
212,"17.4116, 78.3987",2023-04-11T20:00:00,35.3,33.4,9.3,20.52,0.0,0.0,,0,0,20.0,13.9,116.9,1009.0,32.5,24.1,165.3,0.6,0,10,Partially cloudy,partly-cloudy-night,
213,"17.4116, 78.3987",2023-04-11T21:00:00,34.3,32.4,9.4,21.78,0.0,0.0,,0,0,26.3,15.5,139.0,1010.0,2.1,24.1,6.0,0.0,0,10,Clear,clear-night,
214,"17.4116, 78.3987",2023-04-11T22:00:00,33.2,31.5,10.3,24.61,0.0,0.0,,0,0,25.6,14.3,144.2,1010.3,2.4,24.1,4.0,0.0,0,10,Clear,clear-night,
215,"17.4116, 78.3987",2023-04-11T23:00:00,32.1,30.7,11.2,27.81,0.0,0.0,,0,0,24.8,13.1,149.4,1010.7,2.6,24.1,2.0,0.0,0,10,Clear,clear-night,
216,"17.4116, 78.3987",2023-04-12T00:00:00,31.1,29.9,12.2,31.43,0.0,0.0,,0,0,24.1,11.9,154.6,1011.0,2.9,24.1,0.0,,0,3,Clear,clear-night,
217,"17.4116, 78.3987",2023-04-12T01:00:00,30.7,29.7,12.6,32.96,0.0,0.0,,0,0,22.3,11.4,180.0,1010.3,4.1,24.1,0.0,,0,3,Clear,clear-night,
218,"17.4116, 78.3987",2023-04-12T02:00:00,30.4,29.5,13.0,34.56,0.0,0.0,,0,0,20.5,10.9,205.5,1009.7,5.4,24.1,0.0,,0,3,Clear,clear-night,
219,"17.4116, 78.3987",2023-04-12T03:00:00,30.1,29.3,13.5,36.23,0.0,0.0,,0,0,18.7,10.4,230.9,1009.0,6.6,24.1,0.0,,0,3,Clear,clear-night,
220,"17.4116, 78.3987",2023-04-12T04:00:00,29.8,29.0,12.7,34.93,0.0,0.0,,0,0,20.8,10.8,230.7,1009.0,6.0,24.1,0.0,,0,3,Clear,clear-night,
221,"17.4116, 78.3987",2023-04-12T05:00:00,29.6,28.6,11.9,33.66,0.0,0.0,,0,0,22.8,11.2,230.6,1009.0,5.3,24.1,0.0,,0,3,Clear,clear-night,
222,"17.4116, 78.3987",2023-04-12T06:00:00,29.4,28.3,11.2,32.43,0.0,0.0,,0,0,24.8,11.5,230.4,1009.0,4.7,24.1,0.0,,0,3,Clear,clear-night,
223,"17.4116, 78.3987",2023-04-12T07:00:00,30.1,29.0,11.9,32.71,0.0,0.0,,0,0,23.2,11.9,234.1,1010.0,26.0,24.1,36.3,0.1,0,3,Partially cloudy,partly-cloudy-day,
224,"17.4116, 78.3987",2023-04-12T08:00:00,30.8,29.8,12.7,32.98,0.0,0.0,,0,0,21.5,12.2,237.7,1011.0,47.4,24.1,72.7,0.3,1,3,Partially cloudy,partly-cloudy-day,
225,"17.4116, 78.3987",2023-04-12T09:00:00,31.6,30.7,13.5,33.26,0.0,0.0,,0,0,19.8,12.6,241.4,1012.0,68.7,24.1,109.0,0.4,1,3,Partially cloudy,partly-cloudy-day,
226,"17.4116, 78.3987",2023-04-12T10:00:00,33.4,32.2,12.5,28.14,0.0,0.0,,0,0,17.0,13.1,244.0,1011.3,47.5,24.1,320.3,1.2,3,10,Partially cloudy,partly-cloudy-day,
227,"17.4116, 78.3987",2023-04-12T11:00:00,35.2,33.7,11.5,23.84,0.0,0.0,,0,0,14.3,13.6,246.6,1010.7,26.2,24.1,531.7,1.9,5,10,Partially cloudy,partly-cloudy-day,
228,"17.4116, 78.3987",2023-04-12T12:00:00,37.0,35.4,10.5,20.2,0.0,0.0,,0,0,11.5,14.0,249.2,1010.0,5.0,24.1,743.0,2.7,7,10,Clear,clear-day,
229,"17.4116, 78.3987",2023-04-12T13:00:00,37.7,36.1,10.1,18.87,0.0,0.0,,0,0,11.5,12.0,238.7,1009.0,13.4,24.1,825.7,3.0,8,10,Clear,clear-day,
230,"17.4116, 78.3987",2023-04-12T14:00:00,38.5,36.8,9.7,17.62,0.0,0.0,,0,0,11.5,10.0,228.3,1008.0,21.7,24.1,908.3,3.3,9,10,Partially cloudy,partly-cloudy-day,
231,"17.4116, 78.3987",2023-04-12T15:00:00,39.3,37.4,9.3,16.46,0.0,0.0,,0,0,11.5,7.9,217.8,1007.0,30.1,24.1,991.0,3.6,10,10,Partially cloudy,partly-cloudy-day,
232,"17.4116, 78.3987",2023-04-12T16:00:00,38.8,37.0,9.1,16.66,0.0,0.0,,0,0,9.1,7.2,191.1,1006.7,49.8,24.1,795.7,2.9,8,10,Partially cloudy,partly-cloudy-day,
233,"17.4116, 78.3987",2023-04-12T17:00:00,38.4,36.5,8.9,16.86,0.0,0.0,,0,0,6.7,6.5,164.5,1006.3,69.4,24.1,600.3,2.2,6,10,Partially cloudy,partly-cloudy-day,
234,"17.4116, 78.3987",2023-04-12T18:00:00,38.0,36.0,8.8,17.07,0.1,0.0,rain,0,0,4.3,5.8,137.8,1006.0,89.1,24.1,405.0,1.5,4,10,Partially cloudy,partly-cloudy-day,
235,"17.4116, 78.3987",2023-04-12T19:00:00,37.4,35.4,8.9,17.79,0.0,0.0,,0,0,6.2,6.6,181.3,1006.7,78.6,24.1,271.7,1.0,0,10,Partially cloudy,partly-cloudy-night,
236,"17.4116, 78.3987",2023-04-12T20:00:00,36.8,34.9,9.0,18.55,0.0,0.0,,0,0,8.2,7.4,224.7,1007.3,68.0,24.1,138.3,0.5,0,10,Partially cloudy,partly-cloudy-night,
237,"17.4116, 78.3987",2023-04-12T21:00:00,36.2,34.3,9.2,19.35,0.0,0.0,,0,0,10.1,8.3,268.2,1008.0,57.5,24.1,5.0,0.0,0,10,Partially cloudy,partly-cloudy-night,
238,"17.4116, 78.3987",2023-04-12T22:00:00,35.5,33.7,9.5,20.44,0.0,0.0,,0,0,13.8,10.0,218.8,1008.3,43.1,24.1,3.3,0.0,0,10,Partially cloudy,partly-cloudy-night,
239,"17.4116, 78.3987",2023-04-12T23:00:00,34.9,33.1,9.8,21.6,0.0,0.0,,0,0,17.5,11.6,169.4,1008.7,28.6,24.1,1.7,0.0,0,10,Partially cloudy,partly-cloudy-night,
240,"17.4116, 78.3987",2023-04-13T00:00:00,34.3,32.5,10.1,22.83,0.0,0.0,,0,0,21.2,13.3,120.0,1009.0,14.2,24.1,0.0,,0,10,Clear,clear-night,
241,"17.4116, 78.3987",2023-04-13T01:00:00,33.6,31.9,10.4,24.18,0.0,0.0,,0,0,16.8,10.9,191.1,1008.3,34.1,24.1,0.0,,0,10,Partially cloudy,partly-cloudy-night,
242,"17.4116, 78.3987",2023-04-13T02:00:00,32.9,31.4,10.7,25.6,0.0,0.0,,0,0,12.4,8.5,262.2,1007.7,54.1,24.1,0.0,,0,10,Partially cloudy,partly-cloudy-night,
243,"17.4116, 78.3987",2023-04-13T03:00:00,32.3,30.8,11.0,27.12,0.0,0.0,,0,0,7.9,6.1,333.3,1007.0,74.0,24.1,0.0,,0,10,Partially cloudy,partly-cloudy-night,
244,"17.4116, 78.3987",2023-04-13T04:00:00,31.8,30.4,10.8,27.55,0.0,0.0,,0,0,10.8,7.2,303.9,1007.3,71.9,24.1,0.0,,0,10,Partially cloudy,partly-cloudy-night,
245,"17.4116, 78.3987",2023-04-13T05:00:00,31.4,29.9,10.7,27.99,0.0,0.0,,0,0,13.7,8.3,274.6,1007.7,69.8,24.1,0.0,,0,3,Partially cloudy,partly-cloudy-night,
246,"17.4116, 78.3987",2023-04-13T06:00:00,31.0,29.5,10.6,28.43,0.0,0.0,,0,0,16.6,9.4,245.2,1008.0,67.7,24.1,0.0,,0,3,Partially cloudy,partly-cloudy-night,
247,"17.4116, 78.3987",2023-04-13T07:00:00,32.0,30.4,10.3,26.23,0.0,0.0,,0,0,16.1,10.0,258.7,1008.7,47.0,24.1,64.0,0.2,1,3,Partially cloudy,partly-cloudy-day,
248,"17.4116, 78.3987",2023-04-13T08:00:00,33.1,31.4,10.0,24.21,0.0,0.0,,0,0,15.6,10.6,272.2,1009.3,26.2,24.1,128.0,0.5,1,10,Partially cloudy,partly-cloudy-day,
249,"17.4116, 78.3987",2023-04-13T09:00:00,34.2,32.4,9.7,22.35,0.0,0.0,,0,0,15.1,11.2,285.7,1010.0,5.5,24.1,192.0,0.7,2,10,Clear,clear-day,
250,"17.4116, 78.3987",2023-04-13T10:00:00,36.0,33.8,7.9,17.91,0.0,0.0,,0,0,16.7,14.0,193.2,1009.7,4.6,24.1,405.3,1.5,4,10,Clear,clear-day,
251,"17.4116, 78.3987",2023-04-13T11:00:00,37.8,35.3,6.1,14.35,0.0,0.0,,0,0,18.2,16.9,100.7,1009.3,3.6,24.1,618.7,2.2,6,10,Clear,clear-day,
252,"17.4116, 78.3987",2023-04-13T12:00:00,39.6,36.8,4.3,11.49,0.0,0.0,,0,0,19.8,19.8,8.2,1009.0,2.7,24.1,832.0,3.0,8,10,Clear,clear-day,
253,"17.4116, 78.3987",2023-04-13T13:00:00,40.2,37.3,3.9,10.82,0.0,4.8,,0,0,18.6,17.6,18.8,1007.7,3.5,24.1,890.3,3.2,9,10,Clear,clear-day,
254,"17.4116, 78.3987",2023-04-13T14:00:00,40.8,37.8,3.5,10.2,0.0,4.8,,0,0,17.4,15.5,29.3,1006.3,4.2,24.1,948.7,3.4,9,10,Clear,clear-day,
255,"17.4116, 78.3987",2023-04-13T15:00:00,41.5,38.3,3.2,9.61,0.0,4.8,,0,0,16.2,13.3,39.9,1005.0,5.0,24.1,1007.0,3.6,10,10,Clear,clear-day,
256,"17.4116, 78.3987",2023-04-13T16:00:00,41.2,38.1,2.9,9.56,0.0,4.8,,0,0,15.8,13.6,47.2,1004.7,35.9,24.1,854.7,3.1,9,10,Partially cloudy,partly-cloudy-day,
257,"17.4116, 78.3987",2023-04-13T17:00:00,40.9,37.8,2.6,9.52,0.0,4.8,,0,0,15.5,13.8,54.4,1004.3,66.9,24.1,702.3,2.5,7,10,Partially cloudy,partly-cloudy-day,
258,"17.4116, 78.3987",2023-04-13T18:00:00,40.7,37.5,2.4,9.47,0.0,4.8,,0,0,15.1,14.0,61.7,1004.0,97.8,24.1,550.0,2.0,6,10,Overcast,cloudy,
259,"17.4116, 78.3987",2023-04-13T19:00:00,39.2,36.3,3.0,10.72,0.0,9.5,,0,0,18.7,13.6,64.4,1004.7,83.3,24.1,371.3,1.4,0,10,Partially cloudy,partly-cloudy-night,
260,"17.4116, 78.3987",2023-04-13T20:00:00,37.7,35.0,3.6,12.13,0.0,9.5,,0,0,22.3,13.1,67.0,1005.3,68.9,24.1,192.7,0.7,0,10,Partially cloudy,partly-cloudy-night,
261,"17.4116, 78.3987",2023-04-13T21:00:00,36.3,33.7,4.3,13.74,0.0,9.5,,0,0,25.9,12.6,69.7,1006.0,54.4,24.1,14.0,0.1,0,10,Partially cloudy,partly-cloudy-night,
262,"17.4116, 78.3987",2023-04-13T22:00:00,35.2,32.9,5.9,16.34,0.0,9.5,,0,0,25.8,12.6,103.0,1006.7,53.3,24.1,9.3,0.0,0,10,Partially cloudy,partly-cloudy-night,
263,"17.4116, 78.3987",2023-04-13T23:00:00,34.2,32.1,7.6,19.4,0.0,9.5,,0,0,25.7,12.6,136.3,1007.3,52.1,24.1,4.7,0.0,0,10,Partially cloudy,partly-cloudy-night,
264,"17.4116, 78.3987",2023-04-14T00:00:00,33.2,31.3,9.3,23.01,0.0,9.5,,0,0,25.6,12.6,169.6,1008.0,51.0,24.1,0.0,,0,3,Partially cloudy,partly-cloudy-night,
265,"17.4116, 78.3987",2023-04-14T01:00:00,32.7,30.9,9.4,23.89,0.0,4.8,,0,0,25.1,12.2,188.0,1007.3,36.3,24.1,0.0,,0,3,Partially cloudy,partly-cloudy-night,
266,"17.4116, 78.3987",2023-04-14T02:00:00,32.2,30.5,9.6,24.8,0.0,4.8,,0,0,24.6,11.9,206.5,1006.7,21.7,24.1,0.0,,0,3,Partially cloudy,partly-cloudy-night,
267,"17.4116, 78.3987",2023-04-14T03:00:00,31.8,30.1,9.8,25.75,0.0,4.8,,0,0,24.1,11.5,224.9,1006.0,7.0,24.1,0.0,,0,3,Clear,clear-night,
268,"17.4116, 78.3987",2023-04-14T04:00:00,31.6,30.0,10.1,26.64,0.0,4.8,,0,0,27.7,12.2,229.7,1006.3,35.4,24.1,0.0,,0,3,Partially cloudy,partly-cloudy-night,
269,"17.4116, 78.3987",2023-04-14T05:00:00,31.4,29.9,10.5,27.56,0.0,4.8,,0,0,31.3,13.0,234.4,1006.7,63.7,24.1,0.0,,0,3,Partially cloudy,partly-cloudy-night,
270,"17.4116, 78.3987",2023-04-14T06:00:00,31.3,29.9,10.9,28.51,0.0,4.8,,0,0,34.9,13.7,239.2,1007.0,92.1,24.1,0.0,,0,3,Overcast,cloudy,
271,"17.4116, 78.3987",2023-04-14T07:00:00,32.4,30.7,9.6,24.67,0.0,4.8,,0,0,29.8,14.8,255.4,1007.7,83.4,24.1,62.7,0.2,1,3,Partially cloudy,partly-cloudy-day,
272,"17.4116, 78.3987",2023-04-14T08:00:00,33.4,31.5,8.4,21.34,0.0,4.8,,0,0,24.6,15.8,271.7,1008.3,74.7,24.1,125.3,0.5,1,10,Partially cloudy,partly-cloudy-day,
273,"17.4116, 78.3987",2023-04-14T09:00:00,34.6,32.4,7.2,18.45,0.0,4.8,,0,0,19.4,16.9,287.9,1009.0,66.0,24.1,188.0,0.7,2,10,Partially cloudy,partly-cloudy-day,
274,"17.4116, 78.3987",2023-04-14T10:00:00,36.3,33.9,5.8,15.33,0.0,4.8,,0,0,19.1,16.2,309.5,1008.3,45.7,24.1,390.3,1.4,4,10,Partially cloudy,partly-cloudy-day,
275,"17.4116, 78.3987",2023-04-14T11:00:00,38.0,35.3,4.5,12.73,0.0,4.8,,0,0,18.7,15.5,331.0,1007.7,25.3,24.1,592.7,2.2,6,10,Partially cloudy,partly-cloudy-day,
276,"17.4116, 78.3987",2023-04-14T12:00:00,39.7,36.7,3.2,10.58,0.0,4.8,,0,0,18.4,14.8,352.6,1007.0,5.0,24.1,795.0,2.9,8,10,Clear,clear-day,
277,"17.4116, 78.3987",2023-04-14T13:00:00,40.2,37.2,3.1,10.21,0.0,0.0,,0,0,16.7,14.6,347.8,1005.7,24.2,24.1,865.7,3.1,9,10,Partially cloudy,partly-cloudy-day,
278,"17.4116, 78.3987",2023-04-14T14:00:00,40.8,37.7,3.0,9.86,0.0,0.0,,0,0,15.0,14.5,342.9,1004.3,43.5,24.1,936.3,3.4,9,10,Partially cloudy,partly-cloudy-day,
279,"17.4116, 78.3987",2023-04-14T15:00:00,41.4,38.2,3.0,9.52,0.0,0.0,,0,0,13.3,14.4,338.1,1003.0,62.7,24.1,1007.0,3.6,10,10,Partially cloudy,partly-cloudy-day,
280,"17.4116, 78.3987",2023-04-14T16:00:00,41.0,37.9,2.8,9.6,0.0,0.0,,0,0,13.3,13.6,331.6,1002.3,43.2,24.1,841.3,3.0,8,10,Partially cloudy,partly-cloudy-day,
281,"17.4116, 78.3987",2023-04-14T17:00:00,40.7,37.6,2.7,9.68,0.0,0.0,,0,0,13.3,12.7,325.2,1001.7,23.7,24.1,675.7,2.4,7,10,Partially cloudy,partly-cloudy-day,
282,"17.4116, 78.3987",2023-04-14T18:00:00,40.4,37.3,2.6,9.76,0.0,0.0,,0,0,13.3,11.9,318.7,1001.0,4.2,24.1,510.0,1.8,5,10,Clear,clear-day,
283,"17.4116, 78.3987",2023-04-14T19:00:00,38.0,35.5,5.6,13.72,0.0,0.0,,0,0,21.2,15.5,260.5,1002.7,27.4,24.1,348.3,1.2,0,10,Partially cloudy,partly-cloudy-night,
284,"17.4116, 78.3987",2023-04-14T20:00:00,35.6,33.6,8.6,19.22,0.0,0.0,,0,0,29.2,19.1,202.4,1004.3,50.5,24.1,186.7,0.7,0,3,Partially cloudy,partly-cloudy-night,
285,"17.4116, 78.3987",2023-04-14T21:00:00,33.3,31.9,11.7,26.85,0.0,0.0,,0,0,37.1,22.7,144.2,1006.0,73.7,24.1,25.0,0.1,0,3,Partially cloudy,partly-cloudy-night,
286,"17.4116, 78.3987",2023-04-14T22:00:00,32.8,31.5,11.7,27.63,0.0,0.0,,0,0,26.5,15.8,130.1,1006.7,82.2,24.1,16.7,0.1,0,3,Partially cloudy,partly-cloudy-night,
287,"17.4116, 78.3987",2023-04-14T23:00:00,32.4,31.1,11.8,28.44,0.0,0.0,,0,0,16.0,9.0,116.1,1007.3,90.6,24.1,8.3,0.0,0,3,Overcast,cloudy,
288,"17.4116, 78.3987",2023-04-15T00:00:00,32.0,30.7,11.9,29.28,0.0,0.0,,0,0,5.4,2.2,102.0,1008.0,99.1,24.1,0.0,,0,10,Overcast,cloudy,
289,"17.4116, 78.3987",2023-04-15T01:00:00,31.4,30.3,12.3,31.12,0.0,0.0,,0,0,17.2,9.2,131.6,1007.3,99.4,24.1,0.0,,0,3,Overcast,cloudy,
290,"17.4116, 78.3987",2023-04-15T02:00:00,30.9,29.9,12.8,33.07,0.0,0.0,,0,0,28.9,16.3,161.2,1006.7,99.7,24.1,0.0,,0,3,Overcast,cloudy,
291,"17.4116, 78.3987",2023-04-15T03:00:00,30.4,29.6,13.3,35.15,0.0,0.0,,0,0,40.7,23.4,190.8,1006.0,100.0,24.1,0.0,,0,3,Overcast,cloudy,
292,"17.4116, 78.3987",2023-04-15T04:00:00,30.0,29.3,13.4,36.07,0.0,0.0,,0,0,35.3,20.2,205.1,1006.3,100.0,24.1,0.0,,0,3,Overcast,cloudy,
293,"17.4116, 78.3987",2023-04-15T05:00:00,29.7,29.0,13.4,37.01,0.0,0.0,,0,0,29.9,16.9,219.3,1006.7,100.0,24.1,0.0,,0,3,Overcast,cloudy,
294,"17.4116, 78.3987",2023-04-15T06:00:00,29.4,28.8,13.6,37.97,0.0,0.0,,0,0,24.5,13.7,233.6,1007.0,100.0,24.1,0.0,,0,3,Overcast,cloudy,
295,"17.4116, 78.3987",2023-04-15T07:00:00,30.6,29.8,13.2,34.55,0.0,0.0,,0,0,23.9,13.6,253.5,1007.7,100.0,24.1,58.3,0.2,1,3,Overcast,cloudy,
296,"17.4116, 78.3987",2023-04-15T08:00:00,31.9,30.9,12.9,31.45,0.0,0.0,,0,0,23.3,13.4,273.5,1008.3,100.0,24.1,116.7,0.4,1,10,Overcast,cloudy,
297,"17.4116, 78.3987",2023-04-15T09:00:00,33.2,32.0,12.6,28.65,0.0,0.0,,0,0,22.7,13.3,293.4,1009.0,100.0,24.1,175.0,0.6,2,10,Overcast,cloudy,
298,"17.4116, 78.3987",2023-04-15T10:00:00,34.9,33.2,10.4,22.63,0.0,0.0,,0,0,21.1,14.5,308.1,1008.3,69.2,24.1,377.0,1.3,4,10,Partially cloudy,partly-cloudy-day,
299,"17.4116, 78.3987",2023-04-15T11:00:00,36.6,34.5,8.3,17.85,0.0,0.0,,0,0,19.6,15.7,322.7,1007.7,38.4,24.1,579.0,2.1,6,10,Partially cloudy,partly-cloudy-day,
300,"17.4116, 78.3987",2023-04-15T12:00:00,38.3,35.8,6.2,14.06,0.0,0.0,,0,0,18.0,16.9,337.4,1007.0,7.6,24.1,781.0,2.8,8,10,Clear,clear-day,
301,"17.4116, 78.3987",2023-04-15T13:00:00,38.7,36.2,5.9,13.51,0.0,0.0,,0,0,15.6,16.2,340.3,1005.7,29.2,24.1,835.3,3.0,8,10,Partially cloudy,partly-cloudy-day,
302,"17.4116, 78.3987",2023-04-15T14:00:00,39.1,36.5,5.6,12.98,0.0,0.0,,0,0,13.2,15.5,343.1,1004.3,50.9,24.1,889.7,3.3,9,10,Partially cloudy,partly-cloudy-day,
303,"17.4116, 78.3987",2023-04-15T15:00:00,39.5,36.9,5.4,12.47,0.0,0.0,,0,0,10.8,14.8,346.0,1003.0,72.5,24.1,944.0,3.4,9,10,Partially cloudy,partly-cloudy-day,
304,"17.4116, 78.3987",2023-04-15T16:00:00,39.3,36.7,5.3,12.53,0.0,0.0,,0,0,11.3,13.8,327.0,1002.7,58.3,24.1,780.7,2.8,8,10,Partially cloudy,partly-cloudy-day,
305,"17.4116, 78.3987",2023-04-15T17:00:00,39.1,36.5,5.2,12.58,0.0,0.0,,0,0,11.8,12.8,308.0,1002.3,44.0,24.1,617.3,2.2,6,10,Partially cloudy,partly-cloudy-day,
306,"17.4116, 78.3987",2023-04-15T18:00:00,39.0,36.4,5.2,12.63,0.0,0.0,,0,0,12.2,11.9,289.0,1002.0,29.8,24.1,454.0,1.6,5,10,Partially cloudy,partly-cloudy-day,
307,"17.4116, 78.3987",2023-04-15T19:00:00,37.6,35.1,5.6,14.05,0.0,4.8,,0,0,15.1,12.4,296.7,1003.0,46.6,24.1,310.7,1.1,0,10,Partially cloudy,partly-cloudy-night,
308,"17.4116, 78.3987",2023-04-15T20:00:00,36.2,33.8,6.0,15.62,0.0,4.8,,0,0,18.0,12.8,304.5,1004.0,63.4,24.1,167.3,0.6,0,10,Partially cloudy,partly-cloudy-night,
309,"17.4116, 78.3987",2023-04-15T21:00:00,34.8,32.5,6.5,17.39,0.0,4.8,,0,0,20.9,13.3,312.2,1005.0,80.2,24.1,24.0,0.1,0,10,Partially cloudy,partly-cloudy-night,
310,"17.4116, 78.3987",2023-04-15T22:00:00,34.4,32.2,6.5,17.68,0.0,4.8,,0,0,19.9,12.7,300.6,1005.0,84.5,24.1,16.0,0.1,0,10,Partially cloudy,partly-cloudy-night,
311,"17.4116, 78.3987",2023-04-15T23:00:00,34.2,31.9,6.5,17.98,0.0,4.8,,0,0,19.0,12.1,288.9,1005.0,88.8,24.1,8.0,0.0,0,10,Partially cloudy,partly-cloudy-night,
312,"17.4116, 78.3987",2023-04-16T00:00:00,33.9,31.7,6.5,18.29,0.0,4.8,,0,0,18.0,11.5,277.3,1005.0,93.1,24.1,0.0,,0,10,Overcast,cloudy,
313,"17.4116, 78.3987",2023-04-16T01:00:00,33.3,31.1,6.8,19.39,0.0,4.8,,0,0,15.7,9.2,275.4,1004.7,93.5,24.1,0.0,,0,10,Overcast,cloudy,
314,"17.4116, 78.3987",2023-04-16T02:00:00,32.7,30.6,7.2,20.57,0.0,4.8,,0,0,13.4,7.0,273.4,1004.3,93.9,24.1,0.0,,0,10,Overcast,cloudy,
315,"17.4116, 78.3987",2023-04-16T03:00:00,32.1,30.1,7.6,21.82,0.0,4.8,,0,0,11.2,4.7,271.5,1004.0,94.3,24.1,0.0,,0,10,Overcast,cloudy,
316,"17.4116, 78.3987",2023-04-16T04:00:00,31.8,29.9,7.7,22.3,0.0,4.8,,0,0,20.8,9.8,281.1,1004.7,88.3,24.1,0.0,,0,10,Partially cloudy,partly-cloudy-night,
317,"17.4116, 78.3987",2023-04-16T05:00:00,31.5,29.7,7.8,22.8,0.0,4.8,,0,0,30.4,15.0,290.6,1005.3,82.2,24.1,0.0,,0,10,Partially cloudy,partly-cloudy-night,
318,"17.4116, 78.3987",2023-04-16T06:00:00,31.3,29.5,7.9,23.3,0.0,4.8,,0,0,40.0,20.2,300.2,1006.0,76.2,24.1,0.0,,0,10,Partially cloudy,partly-cloudy-night,
319,"17.4116, 78.3987",2023-04-16T07:00:00,32.3,30.2,6.3,19.79,0.0,0.0,,0,0,39.1,22.4,312.7,1006.3,52.4,24.1,68.0,0.2,1,10,Partially cloudy,partly-cloudy-day,
320,"17.4116, 78.3987",2023-04-16T08:00:00,33.3,31.1,4.8,16.79,0.0,0.0,,0,0,38.3,24.7,325.3,1006.7,28.6,24.1,136.0,0.5,1,10,Partially cloudy,partly-cloudy-day,
321,"17.4116, 78.3987",2023-04-16T09:00:00,34.4,31.9,3.3,14.23,0.0,0.0,,0,0,37.4,27.0,337.8,1007.0,4.8,24.1,204.0,0.7,2,10,Clear,clear-day,
322,"17.4116, 78.3987",2023-04-16T10:00:00,35.8,33.2,3.3,13.2,0.0,0.0,,0,0,29.9,25.1,339.7,1006.7,4.8,24.1,416.0,1.5,4,10,Clear,clear-day,
323,"17.4116, 78.3987",2023-04-16T11:00:00,37.2,34.5,3.3,12.25,0.0,0.0,,0,0,22.3,23.2,341.7,1006.3,4.8,24.1,628.0,2.2,6,10,Clear,clear-day,
324,"17.4116, 78.3987",2023-04-16T12:00:00,38.6,35.8,3.4,11.38,0.0,0.0,,0,0,14.8,21.2,343.6,1006.0,4.8,24.1,840.0,3.0,8,10,Clear,clear-day,
325,"17.4116, 78.3987",2023-04-16T13:00:00,39.1,36.2,3.5,11.21,0.0,4.8,,0,0,13.6,19.2,337.7,1005.0,5.1,24.1,896.0,3.2,9,10,Clear,clear-day,
326,"17.4116, 78.3987",2023-04-16T14:00:00,39.6,36.7,3.7,11.04,0.0,4.8,,0,0,12.4,17.2,331.7,1004.0,5.5,24.1,952.0,3.4,10,10,Clear,clear-day,
327,"17.4116, 78.3987",2023-04-16T15:00:00,40.1,37.2,3.9,10.88,0.0,4.8,,0,0,11.2,15.1,325.8,1003.0,5.8,24.1,1008.0,3.6,10,10,Clear,clear-day,
328,"17.4116, 78.3987",2023-04-16T16:00:00,39.8,37.0,3.8,10.99,0.0,4.8,,0,0,11.3,14.3,328.4,1002.7,8.1,24.1,856.7,3.1,9,10,Clear,clear-day,
329,"17.4116, 78.3987",2023-04-16T17:00:00,39.6,36.8,3.8,11.1,0.0,4.8,,0,0,11.4,13.4,331.1,1002.3,10.4,24.1,705.3,2.5,7,10,Clear,clear-day,
330,"17.4116, 78.3987",2023-04-16T18:00:00,39.4,36.5,3.8,11.21,0.0,4.8,,0,0,11.5,12.6,333.7,1002.0,12.7,24.1,554.0,2.0,6,10,Clear,clear-day,
331,"17.4116, 78.3987",2023-04-16T19:00:00,38.1,35.4,3.9,12.15,0.0,0.0,,0,0,13.8,11.9,333.3,1003.0,8.7,24.1,377.7,1.4,0,10,Clear,clear-night,
332,"17.4116, 78.3987",2023-04-16T20:00:00,36.8,34.2,4.1,13.17,0.0,0.0,,0,0,16.1,11.2,332.9,1004.0,4.8,24.1,201.3,0.7,0,10,Clear,clear-night,
333,"17.4116, 78.3987",2023-04-16T21:00:00,35.6,33.1,4.3,14.28,0.0,0.0,,0,0,18.4,10.4,332.5,1005.0,0.8,24.1,25.0,0.1,0,10,Clear,clear-night,
334,"17.4116, 78.3987",2023-04-16T22:00:00,34.9,32.4,4.2,14.72,0.0,0.0,,0,0,20.9,11.3,336.2,1005.0,3.9,24.1,16.7,0.1,0,10,Clear,clear-night,
335,"17.4116, 78.3987",2023-04-16T23:00:00,34.2,31.8,4.1,15.16,0.0,0.0,,0,0,23.4,12.1,339.8,1005.0,7.0,24.1,8.3,0.0,0,10,Clear,clear-night,
336,"17.4116, 78.3987",2023-04-17T00:00:00,33.6,31.2,4.0,15.63,0.0,0.0,,0,0,25.9,13.0,343.5,1005.0,10.1,24.1,0.0,,0,10,Clear,clear-night,
337,"17.4116, 78.3987",2023-04-17T01:00:00,32.9,30.6,4.2,16.49,0.0,0.0,,0,0,21.4,11.5,267.2,1004.7,40.1,24.1,0.0,,0,10,Partially cloudy,partly-cloudy-night,
338,"17.4116, 78.3987",2023-04-17T02:00:00,32.2,30.1,4.4,17.41,0.0,0.0,,0,0,16.8,10.1,191.0,1004.3,70.0,24.1,0.0,,0,10,Partially cloudy,partly-cloudy-night,
339,"17.4116, 78.3987",2023-04-17T03:00:00,31.6,29.5,4.7,18.37,0.0,0.0,,0,0,12.2,8.6,114.7,1004.0,100.0,24.1,0.0,,0,10,Overcast,cloudy,
340,"17.4116, 78.3987",2023-04-17T04:00:00,31.2,29.2,4.6,18.71,0.0,0.0,,0,0,13.7,9.7,168.3,1004.7,89.6,24.1,0.0,,0,10,Partially cloudy,partly-cloudy-night,
341,"17.4116, 78.3987",2023-04-17T05:00:00,30.8,28.8,4.5,19.05,0.0,0.0,,0,0,15.1,10.8,221.9,1005.3,79.3,24.1,0.0,,0,10,Partially cloudy,partly-cloudy-night,
342,"17.4116, 78.3987",2023-04-17T06:00:00,30.4,28.5,4.5,19.4,0.0,0.0,,0,0,16.6,11.9,275.5,1006.0,68.9,24.1,0.0,,0,10,Partially cloudy,partly-cloudy-day,
343,"17.4116, 78.3987",2023-04-17T07:00:00,31.3,29.2,4.6,18.65,0.0,0.0,,0,0,20.8,14.5,292.3,1006.7,46.1,24.1,69.0,0.2,1,10,Partially cloudy,partly-cloudy-day,
344,"17.4116, 78.3987",2023-04-17T08:00:00,32.2,30.0,4.8,17.93,0.0,0.0,,0,0,25.0,17.2,309.1,1007.3,23.4,24.1,138.0,0.5,1,10,Partially cloudy,partly-cloudy-day,
345,"17.4116, 78.3987",2023-04-17T09:00:00,33.1,30.8,5.0,17.24,0.0,0.0,,0,0,29.2,19.8,325.9,1008.0,0.6,24.1,207.0,0.7,2,10,Clear,clear-day,
346,"17.4116, 78.3987",2023-04-17T10:00:00,34.8,32.4,5.1,15.79,0.0,0.0,,0,0,25.6,20.0,332.3,1007.7,1.2,24.1,419.3,1.5,4,10,Clear,clear-day,
347,"17.4116, 78.3987",2023-04-17T11:00:00,36.5,34.1,5.2,14.49,0.0,0.0,,0,0,22.0,20.3,338.6,1007.3,1.9,24.1,631.7,2.2,6,10,Clear,clear-day,
348,"17.4116, 78.3987",2023-04-17T12:00:00,38.3,35.7,5.4,13.3,0.0,0.0,,0,0,18.4,20.5,345.0,1007.0,2.5,24.1,844.0,3.0,8,10,Clear,clear-day,
349,"17.4116, 78.3987",2023-04-17T13:00:00,38.9,36.3,5.1,12.57,0.0,0.0,,0,0,15.6,18.7,343.8,1005.7,3.3,24.1,898.7,3.2,9,10,Clear,clear-day,
350,"17.4116, 78.3987",2023-04-17T14:00:00,39.6,36.9,4.8,11.88,0.0,0.0,,0,0,12.8,16.9,342.7,1004.3,4.2,24.1,953.3,3.4,10,10,Clear,clear-day,
351,"17.4116, 78.3987",2023-04-17T15:00:00,40.3,37.5,4.5,11.22,0.0,0.0,,0,0,10.1,15.1,341.5,1003.0,5.0,24.1,1008.0,3.6,10,10,Clear,clear-day,
352,"17.4116, 78.3987",2023-04-17T16:00:00,40.0,37.2,4.3,11.23,0.0,0.0,,0,0,10.0,13.4,339.0,1003.0,4.9,24.1,856.7,3.1,9,10,Clear,clear-day,
353,"17.4116, 78.3987",2023-04-17T17:00:00,39.8,37.0,4.1,11.24,0.0,0.0,,0,0,9.8,11.8,336.6,1003.0,4.9,24.1,705.3,2.5,7,10,Clear,clear-day,
354,"17.4116, 78.3987",2023-04-17T18:00:00,39.6,36.8,4.0,11.25,0.0,0.0,,0,0,9.7,10.1,334.1,1003.0,4.8,24.1,554.0,2.0,6,10,Clear,clear-day,
355,"17.4116, 78.3987",2023-04-17T19:00:00,38.3,35.6,4.1,12.14,0.0,14.3,,0,0,10.9,9.7,338.3,1003.7,4.1,24.1,377.7,1.4,0,10,Clear,clear-night,
356,"17.4116, 78.3987",2023-04-17T20:00:00,37.1,34.5,4.2,13.1,0.0,14.3,,0,0,12.1,9.4,342.6,1004.3,3.5,24.1,201.3,0.7,0,10,Clear,clear-night,
357,"17.4116, 78.3987",2023-04-17T21:00:00,35.9,33.4,4.4,14.15,0.0,14.3,,0,0,13.3,9.0,346.8,1005.0,2.8,24.1,25.0,0.1,0,3,Clear,clear-night,
358,"17.4116, 78.3987",2023-04-17T22:00:00,34.5,32.2,5.9,16.98,0.0,14.3,,0,0,22.1,12.6,274.2,1005.7,33.0,24.1,16.7,0.1,0,3,Partially cloudy,partly-cloudy-night,
359,"17.4116, 78.3987",2023-04-17T23:00:00,33.1,31.1,7.4,20.36,0.0,14.3,,0,0,30.8,16.2,201.5,1006.3,63.1,24.1,8.3,0.0,0,3,Partially cloudy,partly-cloudy-night,
